{
	"IcoMoonType": "selection",
	"icons": [
		{
			"icon": {
				"paths": [
					"M746.752 513.408l-180.949-104.875 91.221-218.923c2.816-5.717 4.395-12.16 4.395-18.944 0-23.552-18.987-42.667-42.539-42.667-10.624 0.171-19.499 3.541-26.539 9.131-1.408 1.109-2.261 1.792-2.987 2.56l-320 302.933c-9.771 9.259-14.592 22.571-13.056 35.925 1.536 13.355 9.344 25.216 20.949 32l180.992 104.96-92.288 221.44c-7.808 18.603-1.451 40.107 15.104 51.541 7.381 5.035 15.872 7.509 24.277 7.509 10.581 0 21.163-3.968 29.355-11.691l320-303.019c9.771-9.259 14.592-22.571 13.056-35.925-1.579-13.355-9.387-25.216-20.992-31.957z"
				],
				"attrs": [],
				"isMulticolor": false,
				"tags": [
					"flash"
				],
				"grid": 24
			},
			"attrs": [],
			"properties": {
				"id": 33,
				"order": 2,
				"prevSize": 24,
				"code": 59648,
				"name": "flash"
			},
			"setIdx": 1,
			"setId": 3,
			"iconIdx": 33
		}
	],
	"height": 1024,
	"metadata": {
		"name": "icomoon"
	},
	"preferences": {
		"showGlyphs": true,
		"showQuickUse": true,
		"showQuickUse2": true,
		"showSVGs": true,
		"fontPref": {
			"prefix": "icon-",
			"metadata": {
				"fontFamily": "icomoon"
			},
			"metrics": {
				"emSize": 1024,
				"baseline": 6.25,
				"whitespace": 50
			},
			"embed": false
		},
		"imagePref": {
			"prefix": "icon-",
			"png": true,
			"useClassSelector": true,
			"color": 4473924,
			"bgColor": 16777215
		},
		"historySize": 100,
		"showCodes": false
	}
}